xmin,ymin,xmax,ymax,confidence,class,name
1058.248291015625,648.5900268554688,3723.576416015625,2457.775634765625,0.5400362014770508,0,hilal
