xmin,ymin,xmax,ymax,confidence,class,name
405.76116943359375,259.7829284667969,1107.1572265625,821.9913330078125,0.4201876223087311,0,hilal
