xmin,ymin,xmax,ymax,confidence,class,name
264.8824462890625,129.0106658935547,968.6234130859375,505.9093933105469,0.6425421833992004,0,hilal
