xmin,ymin,xmax,ymax,confidence,class,name
281.85614013671875,259.82489013671875,775.4026489257812,518.3201293945312,0.6507946848869324,0,hilal
